{
  "project_info": {
    "project_number": "95268926743",
    "firebase_url": "https://studentdemo-f11e9.firebaseio.com",
    "project_id": "studentdemo-f11e9",
    "storage_bucket": "studentdemo-f11e9.appspot.com"
  },
  "client": [
    {
      "client_info": {
        "mobilesdk_app_id": "1:95268926743:android:6446902c2fa5374c",
        "android_client_info": {
          "package_name": "com.example.engineer.parent_portal"
        }
      },
      "oauth_client": [
        {
          "client_id": "95268926743-hhjg8u3lumvrnrrna02bh2fngfukf9o8.apps.googleusercontent.com",
          "client_type": 3
        }
      ],
      "api_key": [
        {
          "current_key": "AIzaSyAEwdD9Fa1LtQJ3zDlbdQH9bkemq7eU0PA"
        }
      ],
      "services": {
        "analytics_service": {
          "status": 1
        },
        "appinvite_service": {
          "status": 1,
          "other_platform_oauth_client": []
        },
        "ads_service": {
          "status": 2
        }
      }
    }
  ],
  "configuration_version": "1"
}